,n_cell,n_subj,n_stim,n_repeat,noise_type,rdm_comparison,finished
0,10,5,10,5,eye,cosine,1
1,10,5,10,5,eye,corr,1
2,10,5,10,5,eye,corr_cov,1
3,10,5,10,5,eye,cosine_cov,1
4,10,5,10,5,diag,cosine,1
5,10,5,10,5,diag,corr,1
6,10,5,10,5,diag,corr_cov,1
7,10,5,10,5,diag,cosine_cov,1
8,10,5,10,5,shrinkage_diag,cosine,1
9,10,5,10,5,shrinkage_diag,corr,1
10,10,5,10,5,shrinkage_diag,corr_cov,1
11,10,5,10,5,shrinkage_diag,cosine_cov,1
12,10,5,10,5,shrinkage_eye,cosine,1
13,10,5,10,5,shrinkage_eye,corr,1
14,10,5,10,5,shrinkage_eye,corr_cov,1
15,10,5,10,5,shrinkage_eye,cosine_cov,1
16,10,5,10,10,eye,cosine,1
17,10,5,10,10,eye,corr,1
18,10,5,10,10,eye,corr_cov,1
19,10,5,10,10,eye,cosine_cov,1
20,10,5,10,10,diag,cosine,1
21,10,5,10,10,diag,corr,1
22,10,5,10,10,diag,corr_cov,1
23,10,5,10,10,diag,cosine_cov,1
24,10,5,10,10,shrinkage_diag,cosine,1
25,10,5,10,10,shrinkage_diag,corr,1
26,10,5,10,10,shrinkage_diag,corr_cov,1
27,10,5,10,10,shrinkage_diag,cosine_cov,1
28,10,5,10,10,shrinkage_eye,cosine,1
29,10,5,10,10,shrinkage_eye,corr,1
30,10,5,10,10,shrinkage_eye,corr_cov,1
31,10,5,10,10,shrinkage_eye,cosine_cov,1
32,10,5,10,20,eye,cosine,1
33,10,5,10,20,eye,corr,1
34,10,5,10,20,eye,corr_cov,1
35,10,5,10,20,eye,cosine_cov,1
36,10,5,10,20,diag,cosine,1
37,10,5,10,20,diag,corr,1
38,10,5,10,20,diag,corr_cov,1
39,10,5,10,20,diag,cosine_cov,1
40,10,5,10,20,shrinkage_diag,cosine,1
41,10,5,10,20,shrinkage_diag,corr,1
42,10,5,10,20,shrinkage_diag,corr_cov,1
43,10,5,10,20,shrinkage_diag,cosine_cov,1
44,10,5,10,20,shrinkage_eye,cosine,1
45,10,5,10,20,shrinkage_eye,corr,1
46,10,5,10,20,shrinkage_eye,corr_cov,1
47,10,5,10,20,shrinkage_eye,cosine_cov,1
48,10,5,10,40,eye,cosine,1
49,10,5,10,40,eye,corr,1
50,10,5,10,40,eye,corr_cov,1
51,10,5,10,40,eye,cosine_cov,1
52,10,5,10,40,diag,cosine,1
53,10,5,10,40,diag,corr,1
54,10,5,10,40,diag,corr_cov,1
55,10,5,10,40,diag,cosine_cov,1
56,10,5,10,40,shrinkage_diag,cosine,1
57,10,5,10,40,shrinkage_diag,corr,1
58,10,5,10,40,shrinkage_diag,corr_cov,1
59,10,5,10,40,shrinkage_diag,cosine_cov,1
60,10,5,10,40,shrinkage_eye,cosine,1
61,10,5,10,40,shrinkage_eye,corr,1
62,10,5,10,40,shrinkage_eye,corr_cov,1
63,10,5,10,40,shrinkage_eye,cosine_cov,1
64,10,5,20,5,eye,cosine,1
65,10,5,20,5,eye,corr,1
66,10,5,20,5,eye,corr_cov,1
67,10,5,20,5,eye,cosine_cov,1
68,10,5,20,5,diag,cosine,1
69,10,5,20,5,diag,corr,1
70,10,5,20,5,diag,corr_cov,1
71,10,5,20,5,diag,cosine_cov,1
72,10,5,20,5,shrinkage_diag,cosine,1
73,10,5,20,5,shrinkage_diag,corr,1
74,10,5,20,5,shrinkage_diag,corr_cov,1
75,10,5,20,5,shrinkage_diag,cosine_cov,1
76,10,5,20,5,shrinkage_eye,cosine,1
77,10,5,20,5,shrinkage_eye,corr,1
78,10,5,20,5,shrinkage_eye,corr_cov,1
79,10,5,20,5,shrinkage_eye,cosine_cov,1
80,10,5,20,10,eye,cosine,1
81,10,5,20,10,eye,corr,1
82,10,5,20,10,eye,corr_cov,1
83,10,5,20,10,eye,cosine_cov,1
84,10,5,20,10,diag,cosine,1
85,10,5,20,10,diag,corr,1
86,10,5,20,10,diag,corr_cov,1
87,10,5,20,10,diag,cosine_cov,1
88,10,5,20,10,shrinkage_diag,cosine,1
89,10,5,20,10,shrinkage_diag,corr,1
90,10,5,20,10,shrinkage_diag,corr_cov,1
91,10,5,20,10,shrinkage_diag,cosine_cov,1
92,10,5,20,10,shrinkage_eye,cosine,1
93,10,5,20,10,shrinkage_eye,corr,1
94,10,5,20,10,shrinkage_eye,corr_cov,1
95,10,5,20,10,shrinkage_eye,cosine_cov,1
96,10,5,20,20,eye,cosine,1
97,10,5,20,20,eye,corr,1
98,10,5,20,20,eye,corr_cov,1
99,10,5,20,20,eye,cosine_cov,1
100,10,5,20,20,diag,cosine,1
101,10,5,20,20,diag,corr,1
102,10,5,20,20,diag,corr_cov,1
103,10,5,20,20,diag,cosine_cov,1
104,10,5,20,20,shrinkage_diag,cosine,1
105,10,5,20,20,shrinkage_diag,corr,1
106,10,5,20,20,shrinkage_diag,corr_cov,1
107,10,5,20,20,shrinkage_diag,cosine_cov,1
108,10,5,20,20,shrinkage_eye,cosine,1
109,10,5,20,20,shrinkage_eye,corr,1
110,10,5,20,20,shrinkage_eye,corr_cov,1
111,10,5,20,20,shrinkage_eye,cosine_cov,1
112,10,5,20,40,eye,cosine,1
113,10,5,20,40,eye,corr,1
114,10,5,20,40,eye,corr_cov,1
115,10,5,20,40,eye,cosine_cov,1
116,10,5,20,40,diag,cosine,1
117,10,5,20,40,diag,corr,1
118,10,5,20,40,diag,corr_cov,1
119,10,5,20,40,diag,cosine_cov,1
120,10,5,20,40,shrinkage_diag,cosine,1
121,10,5,20,40,shrinkage_diag,corr,1
122,10,5,20,40,shrinkage_diag,corr_cov,1
123,10,5,20,40,shrinkage_diag,cosine_cov,1
124,10,5,20,40,shrinkage_eye,cosine,1
125,10,5,20,40,shrinkage_eye,corr,1
126,10,5,20,40,shrinkage_eye,corr_cov,1
127,10,5,20,40,shrinkage_eye,cosine_cov,1
128,10,5,40,5,eye,cosine,1
129,10,5,40,5,eye,corr,1
130,10,5,40,5,eye,corr_cov,1
131,10,5,40,5,eye,cosine_cov,1
132,10,5,40,5,diag,cosine,1
133,10,5,40,5,diag,corr,1
134,10,5,40,5,diag,corr_cov,1
135,10,5,40,5,diag,cosine_cov,1
136,10,5,40,5,shrinkage_diag,cosine,1
137,10,5,40,5,shrinkage_diag,corr,1
138,10,5,40,5,shrinkage_diag,corr_cov,1
139,10,5,40,5,shrinkage_diag,cosine_cov,1
140,10,5,40,5,shrinkage_eye,cosine,1
141,10,5,40,5,shrinkage_eye,corr,1
142,10,5,40,5,shrinkage_eye,corr_cov,1
143,10,5,40,5,shrinkage_eye,cosine_cov,1
144,10,5,40,10,eye,cosine,1
145,10,5,40,10,eye,corr,1
146,10,5,40,10,eye,corr_cov,1
147,10,5,40,10,eye,cosine_cov,1
148,10,5,40,10,diag,cosine,1
149,10,5,40,10,diag,corr,1
150,10,5,40,10,diag,corr_cov,1
151,10,5,40,10,diag,cosine_cov,1
152,10,5,40,10,shrinkage_diag,cosine,1
153,10,5,40,10,shrinkage_diag,corr,1
154,10,5,40,10,shrinkage_diag,corr_cov,1
155,10,5,40,10,shrinkage_diag,cosine_cov,1
156,10,5,40,10,shrinkage_eye,cosine,1
157,10,5,40,10,shrinkage_eye,corr,1
158,10,5,40,10,shrinkage_eye,corr_cov,1
159,10,5,40,10,shrinkage_eye,cosine_cov,1
160,10,5,40,20,eye,cosine,1
161,10,5,40,20,eye,corr,1
162,10,5,40,20,eye,corr_cov,1
163,10,5,40,20,eye,cosine_cov,1
164,10,5,40,20,diag,cosine,1
165,10,5,40,20,diag,corr,1
166,10,5,40,20,diag,corr_cov,1
167,10,5,40,20,diag,cosine_cov,1
168,10,5,40,20,shrinkage_diag,cosine,1
169,10,5,40,20,shrinkage_diag,corr,1
170,10,5,40,20,shrinkage_diag,corr_cov,1
171,10,5,40,20,shrinkage_diag,cosine_cov,1
172,10,5,40,20,shrinkage_eye,cosine,1
173,10,5,40,20,shrinkage_eye,corr,1
174,10,5,40,20,shrinkage_eye,corr_cov,1
175,10,5,40,20,shrinkage_eye,cosine_cov,1
176,10,5,40,40,eye,cosine,1
177,10,5,40,40,eye,corr,1
178,10,5,40,40,eye,corr_cov,1
179,10,5,40,40,eye,cosine_cov,1
180,10,5,40,40,diag,cosine,1
181,10,5,40,40,diag,corr,1
182,10,5,40,40,diag,corr_cov,1
183,10,5,40,40,diag,cosine_cov,1
184,10,5,40,40,shrinkage_diag,cosine,1
185,10,5,40,40,shrinkage_diag,corr,1
186,10,5,40,40,shrinkage_diag,corr_cov,1
187,10,5,40,40,shrinkage_diag,cosine_cov,1
188,10,5,40,40,shrinkage_eye,cosine,1
189,10,5,40,40,shrinkage_eye,corr,1
190,10,5,40,40,shrinkage_eye,corr_cov,1
191,10,5,40,40,shrinkage_eye,cosine_cov,1
192,20,5,10,5,eye,cosine,1
193,20,5,10,5,eye,corr,1
194,20,5,10,5,eye,corr_cov,1
195,20,5,10,5,eye,cosine_cov,1
196,20,5,10,5,diag,cosine,1
197,20,5,10,5,diag,corr,1
198,20,5,10,5,diag,corr_cov,1
199,20,5,10,5,diag,cosine_cov,1
200,20,5,10,5,shrinkage_diag,cosine,1
201,20,5,10,5,shrinkage_diag,corr,1
202,20,5,10,5,shrinkage_diag,corr_cov,1
203,20,5,10,5,shrinkage_diag,cosine_cov,1
204,20,5,10,5,shrinkage_eye,cosine,1
205,20,5,10,5,shrinkage_eye,corr,1
206,20,5,10,5,shrinkage_eye,corr_cov,1
207,20,5,10,5,shrinkage_eye,cosine_cov,1
208,20,5,10,10,eye,cosine,1
209,20,5,10,10,eye,corr,1
210,20,5,10,10,eye,corr_cov,1
211,20,5,10,10,eye,cosine_cov,1
212,20,5,10,10,diag,cosine,1
213,20,5,10,10,diag,corr,1
214,20,5,10,10,diag,corr_cov,1
215,20,5,10,10,diag,cosine_cov,1
216,20,5,10,10,shrinkage_diag,cosine,1
217,20,5,10,10,shrinkage_diag,corr,1
218,20,5,10,10,shrinkage_diag,corr_cov,1
219,20,5,10,10,shrinkage_diag,cosine_cov,1
220,20,5,10,10,shrinkage_eye,cosine,1
221,20,5,10,10,shrinkage_eye,corr,1
222,20,5,10,10,shrinkage_eye,corr_cov,1
223,20,5,10,10,shrinkage_eye,cosine_cov,1
224,20,5,10,20,eye,cosine,1
225,20,5,10,20,eye,corr,1
226,20,5,10,20,eye,corr_cov,1
227,20,5,10,20,eye,cosine_cov,1
228,20,5,10,20,diag,cosine,1
229,20,5,10,20,diag,corr,1
230,20,5,10,20,diag,corr_cov,1
231,20,5,10,20,diag,cosine_cov,1
232,20,5,10,20,shrinkage_diag,cosine,1
233,20,5,10,20,shrinkage_diag,corr,1
234,20,5,10,20,shrinkage_diag,corr_cov,1
235,20,5,10,20,shrinkage_diag,cosine_cov,1
236,20,5,10,20,shrinkage_eye,cosine,1
237,20,5,10,20,shrinkage_eye,corr,1
238,20,5,10,20,shrinkage_eye,corr_cov,1
239,20,5,10,20,shrinkage_eye,cosine_cov,1
240,20,5,10,40,eye,cosine,1
241,20,5,10,40,eye,corr,1
242,20,5,10,40,eye,corr_cov,1
243,20,5,10,40,eye,cosine_cov,1
244,20,5,10,40,diag,cosine,1
245,20,5,10,40,diag,corr,1
246,20,5,10,40,diag,corr_cov,1
247,20,5,10,40,diag,cosine_cov,1
248,20,5,10,40,shrinkage_diag,cosine,1
249,20,5,10,40,shrinkage_diag,corr,1
250,20,5,10,40,shrinkage_diag,corr_cov,1
251,20,5,10,40,shrinkage_diag,cosine_cov,1
252,20,5,10,40,shrinkage_eye,cosine,1
253,20,5,10,40,shrinkage_eye,corr,1
254,20,5,10,40,shrinkage_eye,corr_cov,1
255,20,5,10,40,shrinkage_eye,cosine_cov,1
256,20,5,20,5,eye,cosine,1
257,20,5,20,5,eye,corr,1
258,20,5,20,5,eye,corr_cov,1
259,20,5,20,5,eye,cosine_cov,1
260,20,5,20,5,diag,cosine,1
261,20,5,20,5,diag,corr,1
262,20,5,20,5,diag,corr_cov,1
263,20,5,20,5,diag,cosine_cov,1
264,20,5,20,5,shrinkage_diag,cosine,1
265,20,5,20,5,shrinkage_diag,corr,1
266,20,5,20,5,shrinkage_diag,corr_cov,1
267,20,5,20,5,shrinkage_diag,cosine_cov,1
268,20,5,20,5,shrinkage_eye,cosine,1
269,20,5,20,5,shrinkage_eye,corr,1
270,20,5,20,5,shrinkage_eye,corr_cov,1
271,20,5,20,5,shrinkage_eye,cosine_cov,1
272,20,5,20,10,eye,cosine,1
273,20,5,20,10,eye,corr,1
274,20,5,20,10,eye,corr_cov,1
275,20,5,20,10,eye,cosine_cov,1
276,20,5,20,10,diag,cosine,1
277,20,5,20,10,diag,corr,1
278,20,5,20,10,diag,corr_cov,1
279,20,5,20,10,diag,cosine_cov,1
280,20,5,20,10,shrinkage_diag,cosine,1
281,20,5,20,10,shrinkage_diag,corr,1
282,20,5,20,10,shrinkage_diag,corr_cov,1
283,20,5,20,10,shrinkage_diag,cosine_cov,1
284,20,5,20,10,shrinkage_eye,cosine,1
285,20,5,20,10,shrinkage_eye,corr,1
286,20,5,20,10,shrinkage_eye,corr_cov,1
287,20,5,20,10,shrinkage_eye,cosine_cov,1
288,20,5,20,20,eye,cosine,1
289,20,5,20,20,eye,corr,1
290,20,5,20,20,eye,corr_cov,1
291,20,5,20,20,eye,cosine_cov,1
292,20,5,20,20,diag,cosine,1
293,20,5,20,20,diag,corr,1
294,20,5,20,20,diag,corr_cov,1
295,20,5,20,20,diag,cosine_cov,1
296,20,5,20,20,shrinkage_diag,cosine,1
297,20,5,20,20,shrinkage_diag,corr,1
298,20,5,20,20,shrinkage_diag,corr_cov,1
299,20,5,20,20,shrinkage_diag,cosine_cov,1
300,20,5,20,20,shrinkage_eye,cosine,1
301,20,5,20,20,shrinkage_eye,corr,1
302,20,5,20,20,shrinkage_eye,corr_cov,1
303,20,5,20,20,shrinkage_eye,cosine_cov,1
304,20,5,20,40,eye,cosine,1
305,20,5,20,40,eye,corr,1
306,20,5,20,40,eye,corr_cov,1
307,20,5,20,40,eye,cosine_cov,1
308,20,5,20,40,diag,cosine,1
309,20,5,20,40,diag,corr,1
310,20,5,20,40,diag,corr_cov,1
311,20,5,20,40,diag,cosine_cov,1
312,20,5,20,40,shrinkage_diag,cosine,1
313,20,5,20,40,shrinkage_diag,corr,1
314,20,5,20,40,shrinkage_diag,corr_cov,1
315,20,5,20,40,shrinkage_diag,cosine_cov,1
316,20,5,20,40,shrinkage_eye,cosine,1
317,20,5,20,40,shrinkage_eye,corr,1
318,20,5,20,40,shrinkage_eye,corr_cov,1
319,20,5,20,40,shrinkage_eye,cosine_cov,1
320,20,5,40,5,eye,cosine,1
321,20,5,40,5,eye,corr,1
322,20,5,40,5,eye,corr_cov,1
323,20,5,40,5,eye,cosine_cov,1
324,20,5,40,5,diag,cosine,1
325,20,5,40,5,diag,corr,1
326,20,5,40,5,diag,corr_cov,1
327,20,5,40,5,diag,cosine_cov,1
328,20,5,40,5,shrinkage_diag,cosine,1
329,20,5,40,5,shrinkage_diag,corr,1
330,20,5,40,5,shrinkage_diag,corr_cov,1
331,20,5,40,5,shrinkage_diag,cosine_cov,1
332,20,5,40,5,shrinkage_eye,cosine,1
333,20,5,40,5,shrinkage_eye,corr,1
334,20,5,40,5,shrinkage_eye,corr_cov,1
335,20,5,40,5,shrinkage_eye,cosine_cov,1
336,20,5,40,10,eye,cosine,1
337,20,5,40,10,eye,corr,1
338,20,5,40,10,eye,corr_cov,1
339,20,5,40,10,eye,cosine_cov,1
340,20,5,40,10,diag,cosine,1
341,20,5,40,10,diag,corr,1
342,20,5,40,10,diag,corr_cov,1
343,20,5,40,10,diag,cosine_cov,1
344,20,5,40,10,shrinkage_diag,cosine,1
345,20,5,40,10,shrinkage_diag,corr,1
346,20,5,40,10,shrinkage_diag,corr_cov,1
347,20,5,40,10,shrinkage_diag,cosine_cov,1
348,20,5,40,10,shrinkage_eye,cosine,1
349,20,5,40,10,shrinkage_eye,corr,1
350,20,5,40,10,shrinkage_eye,corr_cov,1
351,20,5,40,10,shrinkage_eye,cosine_cov,1
352,20,5,40,20,eye,cosine,1
353,20,5,40,20,eye,corr,1
354,20,5,40,20,eye,corr_cov,1
355,20,5,40,20,eye,cosine_cov,1
356,20,5,40,20,diag,cosine,1
357,20,5,40,20,diag,corr,1
358,20,5,40,20,diag,corr_cov,1
359,20,5,40,20,diag,cosine_cov,1
360,20,5,40,20,shrinkage_diag,cosine,1
361,20,5,40,20,shrinkage_diag,corr,1
362,20,5,40,20,shrinkage_diag,corr_cov,1
363,20,5,40,20,shrinkage_diag,cosine_cov,1
364,20,5,40,20,shrinkage_eye,cosine,1
365,20,5,40,20,shrinkage_eye,corr,1
366,20,5,40,20,shrinkage_eye,corr_cov,1
367,20,5,40,20,shrinkage_eye,cosine_cov,1
368,20,5,40,40,eye,cosine,1
369,20,5,40,40,eye,corr,1
370,20,5,40,40,eye,corr_cov,1
371,20,5,40,40,eye,cosine_cov,1
372,20,5,40,40,diag,cosine,1
373,20,5,40,40,diag,corr,1
374,20,5,40,40,diag,corr_cov,1
375,20,5,40,40,diag,cosine_cov,1
376,20,5,40,40,shrinkage_diag,cosine,1
377,20,5,40,40,shrinkage_diag,corr,1
378,20,5,40,40,shrinkage_diag,corr_cov,1
379,20,5,40,40,shrinkage_diag,cosine_cov,1
380,20,5,40,40,shrinkage_eye,cosine,1
381,20,5,40,40,shrinkage_eye,corr,1
382,20,5,40,40,shrinkage_eye,corr_cov,1
383,20,5,40,40,shrinkage_eye,cosine_cov,1
384,40,5,10,5,eye,cosine,1
385,40,5,10,5,eye,corr,1
386,40,5,10,5,eye,corr_cov,1
387,40,5,10,5,eye,cosine_cov,1
388,40,5,10,5,diag,cosine,1
389,40,5,10,5,diag,corr,1
390,40,5,10,5,diag,corr_cov,1
391,40,5,10,5,diag,cosine_cov,1
392,40,5,10,5,shrinkage_diag,cosine,1
393,40,5,10,5,shrinkage_diag,corr,1
394,40,5,10,5,shrinkage_diag,corr_cov,1
395,40,5,10,5,shrinkage_diag,cosine_cov,1
396,40,5,10,5,shrinkage_eye,cosine,1
397,40,5,10,5,shrinkage_eye,corr,1
398,40,5,10,5,shrinkage_eye,corr_cov,1
399,40,5,10,5,shrinkage_eye,cosine_cov,1
400,40,5,10,10,eye,cosine,1
401,40,5,10,10,eye,corr,1
402,40,5,10,10,eye,corr_cov,1
403,40,5,10,10,eye,cosine_cov,1
404,40,5,10,10,diag,cosine,1
405,40,5,10,10,diag,corr,1
406,40,5,10,10,diag,corr_cov,1
407,40,5,10,10,diag,cosine_cov,1
408,40,5,10,10,shrinkage_diag,cosine,1
409,40,5,10,10,shrinkage_diag,corr,1
410,40,5,10,10,shrinkage_diag,corr_cov,1
411,40,5,10,10,shrinkage_diag,cosine_cov,1
412,40,5,10,10,shrinkage_eye,cosine,1
413,40,5,10,10,shrinkage_eye,corr,1
414,40,5,10,10,shrinkage_eye,corr_cov,1
415,40,5,10,10,shrinkage_eye,cosine_cov,1
416,40,5,10,20,eye,cosine,1
417,40,5,10,20,eye,corr,1
418,40,5,10,20,eye,corr_cov,1
419,40,5,10,20,eye,cosine_cov,1
420,40,5,10,20,diag,cosine,1
421,40,5,10,20,diag,corr,1
422,40,5,10,20,diag,corr_cov,1
423,40,5,10,20,diag,cosine_cov,1
424,40,5,10,20,shrinkage_diag,cosine,1
425,40,5,10,20,shrinkage_diag,corr,1
426,40,5,10,20,shrinkage_diag,corr_cov,1
427,40,5,10,20,shrinkage_diag,cosine_cov,1
428,40,5,10,20,shrinkage_eye,cosine,1
429,40,5,10,20,shrinkage_eye,corr,1
430,40,5,10,20,shrinkage_eye,corr_cov,1
431,40,5,10,20,shrinkage_eye,cosine_cov,1
432,40,5,10,40,eye,cosine,1
433,40,5,10,40,eye,corr,1
434,40,5,10,40,eye,corr_cov,1
435,40,5,10,40,eye,cosine_cov,1
436,40,5,10,40,diag,cosine,1
437,40,5,10,40,diag,corr,1
438,40,5,10,40,diag,corr_cov,1
439,40,5,10,40,diag,cosine_cov,1
440,40,5,10,40,shrinkage_diag,cosine,1
441,40,5,10,40,shrinkage_diag,corr,1
442,40,5,10,40,shrinkage_diag,corr_cov,1
443,40,5,10,40,shrinkage_diag,cosine_cov,1
444,40,5,10,40,shrinkage_eye,cosine,1
445,40,5,10,40,shrinkage_eye,corr,1
446,40,5,10,40,shrinkage_eye,corr_cov,1
447,40,5,10,40,shrinkage_eye,cosine_cov,1
448,40,5,20,5,eye,cosine,1
449,40,5,20,5,eye,corr,1
450,40,5,20,5,eye,corr_cov,1
451,40,5,20,5,eye,cosine_cov,1
452,40,5,20,5,diag,cosine,1
453,40,5,20,5,diag,corr,1
454,40,5,20,5,diag,corr_cov,1
455,40,5,20,5,diag,cosine_cov,1
456,40,5,20,5,shrinkage_diag,cosine,1
457,40,5,20,5,shrinkage_diag,corr,1
458,40,5,20,5,shrinkage_diag,corr_cov,1
459,40,5,20,5,shrinkage_diag,cosine_cov,1
460,40,5,20,5,shrinkage_eye,cosine,1
461,40,5,20,5,shrinkage_eye,corr,1
462,40,5,20,5,shrinkage_eye,corr_cov,1
463,40,5,20,5,shrinkage_eye,cosine_cov,1
464,40,5,20,10,eye,cosine,1
465,40,5,20,10,eye,corr,1
466,40,5,20,10,eye,corr_cov,1
467,40,5,20,10,eye,cosine_cov,1
468,40,5,20,10,diag,cosine,1
469,40,5,20,10,diag,corr,1
470,40,5,20,10,diag,corr_cov,1
471,40,5,20,10,diag,cosine_cov,1
472,40,5,20,10,shrinkage_diag,cosine,1
473,40,5,20,10,shrinkage_diag,corr,1
474,40,5,20,10,shrinkage_diag,corr_cov,1
475,40,5,20,10,shrinkage_diag,cosine_cov,1
476,40,5,20,10,shrinkage_eye,cosine,1
477,40,5,20,10,shrinkage_eye,corr,1
478,40,5,20,10,shrinkage_eye,corr_cov,1
479,40,5,20,10,shrinkage_eye,cosine_cov,1
480,40,5,20,20,eye,cosine,1
481,40,5,20,20,eye,corr,1
482,40,5,20,20,eye,corr_cov,1
483,40,5,20,20,eye,cosine_cov,1
484,40,5,20,20,diag,cosine,1
485,40,5,20,20,diag,corr,1
486,40,5,20,20,diag,corr_cov,1
487,40,5,20,20,diag,cosine_cov,1
488,40,5,20,20,shrinkage_diag,cosine,1
489,40,5,20,20,shrinkage_diag,corr,1
490,40,5,20,20,shrinkage_diag,corr_cov,1
491,40,5,20,20,shrinkage_diag,cosine_cov,1
492,40,5,20,20,shrinkage_eye,cosine,1
493,40,5,20,20,shrinkage_eye,corr,1
494,40,5,20,20,shrinkage_eye,corr_cov,1
495,40,5,20,20,shrinkage_eye,cosine_cov,1
496,40,5,20,40,eye,cosine,1
497,40,5,20,40,eye,corr,1
498,40,5,20,40,eye,corr_cov,1
499,40,5,20,40,eye,cosine_cov,1
500,40,5,20,40,diag,cosine,1
501,40,5,20,40,diag,corr,1
502,40,5,20,40,diag,corr_cov,1
503,40,5,20,40,diag,cosine_cov,1
504,40,5,20,40,shrinkage_diag,cosine,1
505,40,5,20,40,shrinkage_diag,corr,1
506,40,5,20,40,shrinkage_diag,corr_cov,1
507,40,5,20,40,shrinkage_diag,cosine_cov,1
508,40,5,20,40,shrinkage_eye,cosine,1
509,40,5,20,40,shrinkage_eye,corr,1
510,40,5,20,40,shrinkage_eye,corr_cov,1
511,40,5,20,40,shrinkage_eye,cosine_cov,1
512,40,5,40,5,eye,cosine,1
513,40,5,40,5,eye,corr,1
514,40,5,40,5,eye,corr_cov,1
515,40,5,40,5,eye,cosine_cov,1
516,40,5,40,5,diag,cosine,1
517,40,5,40,5,diag,corr,1
518,40,5,40,5,diag,corr_cov,1
519,40,5,40,5,diag,cosine_cov,1
520,40,5,40,5,shrinkage_diag,cosine,1
521,40,5,40,5,shrinkage_diag,corr,1
522,40,5,40,5,shrinkage_diag,corr_cov,1
523,40,5,40,5,shrinkage_diag,cosine_cov,1
524,40,5,40,5,shrinkage_eye,cosine,1
525,40,5,40,5,shrinkage_eye,corr,1
526,40,5,40,5,shrinkage_eye,corr_cov,1
527,40,5,40,5,shrinkage_eye,cosine_cov,1
528,40,5,40,10,eye,cosine,1
529,40,5,40,10,eye,corr,1
530,40,5,40,10,eye,corr_cov,1
531,40,5,40,10,eye,cosine_cov,1
532,40,5,40,10,diag,cosine,1
533,40,5,40,10,diag,corr,1
534,40,5,40,10,diag,corr_cov,1
535,40,5,40,10,diag,cosine_cov,1
536,40,5,40,10,shrinkage_diag,cosine,1
537,40,5,40,10,shrinkage_diag,corr,1
538,40,5,40,10,shrinkage_diag,corr_cov,1
539,40,5,40,10,shrinkage_diag,cosine_cov,1
540,40,5,40,10,shrinkage_eye,cosine,1
541,40,5,40,10,shrinkage_eye,corr,1
542,40,5,40,10,shrinkage_eye,corr_cov,1
543,40,5,40,10,shrinkage_eye,cosine_cov,1
544,40,5,40,20,eye,cosine,1
545,40,5,40,20,eye,corr,1
546,40,5,40,20,eye,corr_cov,1
547,40,5,40,20,eye,cosine_cov,1
548,40,5,40,20,diag,cosine,1
549,40,5,40,20,diag,corr,1
550,40,5,40,20,diag,corr_cov,1
551,40,5,40,20,diag,cosine_cov,1
552,40,5,40,20,shrinkage_diag,cosine,1
553,40,5,40,20,shrinkage_diag,corr,1
554,40,5,40,20,shrinkage_diag,corr_cov,1
555,40,5,40,20,shrinkage_diag,cosine_cov,1
556,40,5,40,20,shrinkage_eye,cosine,1
557,40,5,40,20,shrinkage_eye,corr,1
558,40,5,40,20,shrinkage_eye,corr_cov,1
559,40,5,40,20,shrinkage_eye,cosine_cov,1
560,40,5,40,40,eye,cosine,1
561,40,5,40,40,eye,corr,1
562,40,5,40,40,eye,corr_cov,1
563,40,5,40,40,eye,cosine_cov,1
564,40,5,40,40,diag,cosine,1
565,40,5,40,40,diag,corr,1
566,40,5,40,40,diag,corr_cov,1
567,40,5,40,40,diag,cosine_cov,1
568,40,5,40,40,shrinkage_diag,cosine,1
569,40,5,40,40,shrinkage_diag,corr,1
570,40,5,40,40,shrinkage_diag,corr_cov,1
571,40,5,40,40,shrinkage_diag,cosine_cov,1
572,40,5,40,40,shrinkage_eye,cosine,1
573,40,5,40,40,shrinkage_eye,corr,1
574,40,5,40,40,shrinkage_eye,corr_cov,1
575,40,5,40,40,shrinkage_eye,cosine_cov,1
576,10,10,10,5,eye,cosine,1
577,10,10,10,5,eye,corr,1
578,10,10,10,5,eye,corr_cov,1
579,10,10,10,5,eye,cosine_cov,1
580,10,10,10,5,diag,cosine,1
581,10,10,10,5,diag,corr,1
582,10,10,10,5,diag,corr_cov,1
583,10,10,10,5,diag,cosine_cov,1
584,10,10,10,5,shrinkage_diag,cosine,1
585,10,10,10,5,shrinkage_diag,corr,1
586,10,10,10,5,shrinkage_diag,corr_cov,1
587,10,10,10,5,shrinkage_diag,cosine_cov,1
588,10,10,10,5,shrinkage_eye,cosine,1
589,10,10,10,5,shrinkage_eye,corr,1
590,10,10,10,5,shrinkage_eye,corr_cov,1
591,10,10,10,5,shrinkage_eye,cosine_cov,1
592,10,10,10,10,eye,cosine,1
593,10,10,10,10,eye,corr,1
594,10,10,10,10,eye,corr_cov,1
595,10,10,10,10,eye,cosine_cov,1
596,10,10,10,10,diag,cosine,1
597,10,10,10,10,diag,corr,1
598,10,10,10,10,diag,corr_cov,1
599,10,10,10,10,diag,cosine_cov,1
600,10,10,10,10,shrinkage_diag,cosine,1
601,10,10,10,10,shrinkage_diag,corr,1
602,10,10,10,10,shrinkage_diag,corr_cov,1
603,10,10,10,10,shrinkage_diag,cosine_cov,1
604,10,10,10,10,shrinkage_eye,cosine,1
605,10,10,10,10,shrinkage_eye,corr,1
606,10,10,10,10,shrinkage_eye,corr_cov,1
607,10,10,10,10,shrinkage_eye,cosine_cov,1
608,10,10,10,20,eye,cosine,1
609,10,10,10,20,eye,corr,1
610,10,10,10,20,eye,corr_cov,1
611,10,10,10,20,eye,cosine_cov,1
612,10,10,10,20,diag,cosine,1
613,10,10,10,20,diag,corr,1
614,10,10,10,20,diag,corr_cov,1
615,10,10,10,20,diag,cosine_cov,1
616,10,10,10,20,shrinkage_diag,cosine,1
617,10,10,10,20,shrinkage_diag,corr,1
618,10,10,10,20,shrinkage_diag,corr_cov,1
619,10,10,10,20,shrinkage_diag,cosine_cov,1
620,10,10,10,20,shrinkage_eye,cosine,1
621,10,10,10,20,shrinkage_eye,corr,1
622,10,10,10,20,shrinkage_eye,corr_cov,1
623,10,10,10,20,shrinkage_eye,cosine_cov,1
624,10,10,10,40,eye,cosine,1
625,10,10,10,40,eye,corr,1
626,10,10,10,40,eye,corr_cov,1
627,10,10,10,40,eye,cosine_cov,1
628,10,10,10,40,diag,cosine,1
629,10,10,10,40,diag,corr,1
630,10,10,10,40,diag,corr_cov,1
631,10,10,10,40,diag,cosine_cov,1
632,10,10,10,40,shrinkage_diag,cosine,1
633,10,10,10,40,shrinkage_diag,corr,1
634,10,10,10,40,shrinkage_diag,corr_cov,1
635,10,10,10,40,shrinkage_diag,cosine_cov,1
636,10,10,10,40,shrinkage_eye,cosine,1
637,10,10,10,40,shrinkage_eye,corr,1
638,10,10,10,40,shrinkage_eye,corr_cov,1
639,10,10,10,40,shrinkage_eye,cosine_cov,1
640,10,10,20,5,eye,cosine,1
641,10,10,20,5,eye,corr,1
642,10,10,20,5,eye,corr_cov,1
643,10,10,20,5,eye,cosine_cov,1
644,10,10,20,5,diag,cosine,1
645,10,10,20,5,diag,corr,1
646,10,10,20,5,diag,corr_cov,1
647,10,10,20,5,diag,cosine_cov,1
648,10,10,20,5,shrinkage_diag,cosine,1
649,10,10,20,5,shrinkage_diag,corr,1
650,10,10,20,5,shrinkage_diag,corr_cov,1
651,10,10,20,5,shrinkage_diag,cosine_cov,1
652,10,10,20,5,shrinkage_eye,cosine,1
653,10,10,20,5,shrinkage_eye,corr,1
654,10,10,20,5,shrinkage_eye,corr_cov,1
655,10,10,20,5,shrinkage_eye,cosine_cov,1
656,10,10,20,10,eye,cosine,1
657,10,10,20,10,eye,corr,1
658,10,10,20,10,eye,corr_cov,1
659,10,10,20,10,eye,cosine_cov,1
660,10,10,20,10,diag,cosine,1
661,10,10,20,10,diag,corr,1
662,10,10,20,10,diag,corr_cov,1
663,10,10,20,10,diag,cosine_cov,1
664,10,10,20,10,shrinkage_diag,cosine,1
665,10,10,20,10,shrinkage_diag,corr,1
666,10,10,20,10,shrinkage_diag,corr_cov,1
667,10,10,20,10,shrinkage_diag,cosine_cov,1
668,10,10,20,10,shrinkage_eye,cosine,1
669,10,10,20,10,shrinkage_eye,corr,1
670,10,10,20,10,shrinkage_eye,corr_cov,1
671,10,10,20,10,shrinkage_eye,cosine_cov,1
672,10,10,20,20,eye,cosine,1
673,10,10,20,20,eye,corr,1
674,10,10,20,20,eye,corr_cov,1
675,10,10,20,20,eye,cosine_cov,1
676,10,10,20,20,diag,cosine,1
677,10,10,20,20,diag,corr,1
678,10,10,20,20,diag,corr_cov,1
679,10,10,20,20,diag,cosine_cov,1
680,10,10,20,20,shrinkage_diag,cosine,1
681,10,10,20,20,shrinkage_diag,corr,1
682,10,10,20,20,shrinkage_diag,corr_cov,1
683,10,10,20,20,shrinkage_diag,cosine_cov,1
684,10,10,20,20,shrinkage_eye,cosine,1
685,10,10,20,20,shrinkage_eye,corr,1
686,10,10,20,20,shrinkage_eye,corr_cov,1
687,10,10,20,20,shrinkage_eye,cosine_cov,1
688,10,10,20,40,eye,cosine,1
689,10,10,20,40,eye,corr,1
690,10,10,20,40,eye,corr_cov,1
691,10,10,20,40,eye,cosine_cov,1
692,10,10,20,40,diag,cosine,1
693,10,10,20,40,diag,corr,1
694,10,10,20,40,diag,corr_cov,1
695,10,10,20,40,diag,cosine_cov,1
696,10,10,20,40,shrinkage_diag,cosine,1
697,10,10,20,40,shrinkage_diag,corr,1
698,10,10,20,40,shrinkage_diag,corr_cov,1
699,10,10,20,40,shrinkage_diag,cosine_cov,1
700,10,10,20,40,shrinkage_eye,cosine,1
701,10,10,20,40,shrinkage_eye,corr,1
702,10,10,20,40,shrinkage_eye,corr_cov,1
703,10,10,20,40,shrinkage_eye,cosine_cov,1
704,10,10,40,5,eye,cosine,1
705,10,10,40,5,eye,corr,1
706,10,10,40,5,eye,corr_cov,1
707,10,10,40,5,eye,cosine_cov,1
708,10,10,40,5,diag,cosine,1
709,10,10,40,5,diag,corr,1
710,10,10,40,5,diag,corr_cov,1
711,10,10,40,5,diag,cosine_cov,1
712,10,10,40,5,shrinkage_diag,cosine,1
713,10,10,40,5,shrinkage_diag,corr,1
714,10,10,40,5,shrinkage_diag,corr_cov,1
715,10,10,40,5,shrinkage_diag,cosine_cov,1
716,10,10,40,5,shrinkage_eye,cosine,1
717,10,10,40,5,shrinkage_eye,corr,1
718,10,10,40,5,shrinkage_eye,corr_cov,1
719,10,10,40,5,shrinkage_eye,cosine_cov,1
720,10,10,40,10,eye,cosine,1
721,10,10,40,10,eye,corr,1
722,10,10,40,10,eye,corr_cov,1
723,10,10,40,10,eye,cosine_cov,1
724,10,10,40,10,diag,cosine,1
725,10,10,40,10,diag,corr,1
726,10,10,40,10,diag,corr_cov,1
727,10,10,40,10,diag,cosine_cov,1
728,10,10,40,10,shrinkage_diag,cosine,1
729,10,10,40,10,shrinkage_diag,corr,1
730,10,10,40,10,shrinkage_diag,corr_cov,1
731,10,10,40,10,shrinkage_diag,cosine_cov,1
732,10,10,40,10,shrinkage_eye,cosine,1
733,10,10,40,10,shrinkage_eye,corr,1
734,10,10,40,10,shrinkage_eye,corr_cov,1
735,10,10,40,10,shrinkage_eye,cosine_cov,1
736,10,10,40,20,eye,cosine,1
737,10,10,40,20,eye,corr,1
738,10,10,40,20,eye,corr_cov,1
739,10,10,40,20,eye,cosine_cov,1
740,10,10,40,20,diag,cosine,1
741,10,10,40,20,diag,corr,1
742,10,10,40,20,diag,corr_cov,1
743,10,10,40,20,diag,cosine_cov,1
744,10,10,40,20,shrinkage_diag,cosine,1
745,10,10,40,20,shrinkage_diag,corr,1
746,10,10,40,20,shrinkage_diag,corr_cov,1
747,10,10,40,20,shrinkage_diag,cosine_cov,1
748,10,10,40,20,shrinkage_eye,cosine,1
749,10,10,40,20,shrinkage_eye,corr,1
750,10,10,40,20,shrinkage_eye,corr_cov,1
751,10,10,40,20,shrinkage_eye,cosine_cov,1
752,10,10,40,40,eye,cosine,1
753,10,10,40,40,eye,corr,1
754,10,10,40,40,eye,corr_cov,1
755,10,10,40,40,eye,cosine_cov,1
756,10,10,40,40,diag,cosine,1
757,10,10,40,40,diag,corr,1
758,10,10,40,40,diag,corr_cov,1
759,10,10,40,40,diag,cosine_cov,1
760,10,10,40,40,shrinkage_diag,cosine,1
761,10,10,40,40,shrinkage_diag,corr,1
762,10,10,40,40,shrinkage_diag,corr_cov,1
763,10,10,40,40,shrinkage_diag,cosine_cov,1
764,10,10,40,40,shrinkage_eye,cosine,1
765,10,10,40,40,shrinkage_eye,corr,1
766,10,10,40,40,shrinkage_eye,corr_cov,1
767,10,10,40,40,shrinkage_eye,cosine_cov,1
768,20,10,10,5,eye,cosine,1
769,20,10,10,5,eye,corr,1
770,20,10,10,5,eye,corr_cov,1
771,20,10,10,5,eye,cosine_cov,1
772,20,10,10,5,diag,cosine,1
773,20,10,10,5,diag,corr,1
774,20,10,10,5,diag,corr_cov,1
775,20,10,10,5,diag,cosine_cov,1
776,20,10,10,5,shrinkage_diag,cosine,1
777,20,10,10,5,shrinkage_diag,corr,1
778,20,10,10,5,shrinkage_diag,corr_cov,1
779,20,10,10,5,shrinkage_diag,cosine_cov,1
780,20,10,10,5,shrinkage_eye,cosine,1
781,20,10,10,5,shrinkage_eye,corr,1
782,20,10,10,5,shrinkage_eye,corr_cov,1
783,20,10,10,5,shrinkage_eye,cosine_cov,1
784,20,10,10,10,eye,cosine,1
785,20,10,10,10,eye,corr,1
786,20,10,10,10,eye,corr_cov,1
787,20,10,10,10,eye,cosine_cov,1
788,20,10,10,10,diag,cosine,1
789,20,10,10,10,diag,corr,1
790,20,10,10,10,diag,corr_cov,1
791,20,10,10,10,diag,cosine_cov,1
792,20,10,10,10,shrinkage_diag,cosine,1
793,20,10,10,10,shrinkage_diag,corr,1
794,20,10,10,10,shrinkage_diag,corr_cov,1
795,20,10,10,10,shrinkage_diag,cosine_cov,1
796,20,10,10,10,shrinkage_eye,cosine,1
797,20,10,10,10,shrinkage_eye,corr,1
798,20,10,10,10,shrinkage_eye,corr_cov,1
799,20,10,10,10,shrinkage_eye,cosine_cov,1
800,20,10,10,20,eye,cosine,1
801,20,10,10,20,eye,corr,1
802,20,10,10,20,eye,corr_cov,1
803,20,10,10,20,eye,cosine_cov,1
804,20,10,10,20,diag,cosine,1
805,20,10,10,20,diag,corr,1
806,20,10,10,20,diag,corr_cov,1
807,20,10,10,20,diag,cosine_cov,1
808,20,10,10,20,shrinkage_diag,cosine,1
809,20,10,10,20,shrinkage_diag,corr,1
810,20,10,10,20,shrinkage_diag,corr_cov,1
811,20,10,10,20,shrinkage_diag,cosine_cov,1
812,20,10,10,20,shrinkage_eye,cosine,1
813,20,10,10,20,shrinkage_eye,corr,1
814,20,10,10,20,shrinkage_eye,corr_cov,1
815,20,10,10,20,shrinkage_eye,cosine_cov,1
816,20,10,10,40,eye,cosine,1
817,20,10,10,40,eye,corr,1
818,20,10,10,40,eye,corr_cov,1
819,20,10,10,40,eye,cosine_cov,1
820,20,10,10,40,diag,cosine,1
821,20,10,10,40,diag,corr,1
822,20,10,10,40,diag,corr_cov,1
823,20,10,10,40,diag,cosine_cov,1
824,20,10,10,40,shrinkage_diag,cosine,1
825,20,10,10,40,shrinkage_diag,corr,1
826,20,10,10,40,shrinkage_diag,corr_cov,1
827,20,10,10,40,shrinkage_diag,cosine_cov,1
828,20,10,10,40,shrinkage_eye,cosine,1
829,20,10,10,40,shrinkage_eye,corr,1
830,20,10,10,40,shrinkage_eye,corr_cov,1
831,20,10,10,40,shrinkage_eye,cosine_cov,1
832,20,10,20,5,eye,cosine,1
833,20,10,20,5,eye,corr,1
834,20,10,20,5,eye,corr_cov,1
835,20,10,20,5,eye,cosine_cov,1
836,20,10,20,5,diag,cosine,1
837,20,10,20,5,diag,corr,1
838,20,10,20,5,diag,corr_cov,1
839,20,10,20,5,diag,cosine_cov,1
840,20,10,20,5,shrinkage_diag,cosine,1
841,20,10,20,5,shrinkage_diag,corr,1
842,20,10,20,5,shrinkage_diag,corr_cov,1
843,20,10,20,5,shrinkage_diag,cosine_cov,1
844,20,10,20,5,shrinkage_eye,cosine,1
845,20,10,20,5,shrinkage_eye,corr,1
846,20,10,20,5,shrinkage_eye,corr_cov,1
847,20,10,20,5,shrinkage_eye,cosine_cov,1
848,20,10,20,10,eye,cosine,1
849,20,10,20,10,eye,corr,1
850,20,10,20,10,eye,corr_cov,1
851,20,10,20,10,eye,cosine_cov,1
852,20,10,20,10,diag,cosine,1
853,20,10,20,10,diag,corr,1
854,20,10,20,10,diag,corr_cov,1
855,20,10,20,10,diag,cosine_cov,1
856,20,10,20,10,shrinkage_diag,cosine,1
857,20,10,20,10,shrinkage_diag,corr,1
858,20,10,20,10,shrinkage_diag,corr_cov,1
859,20,10,20,10,shrinkage_diag,cosine_cov,1
860,20,10,20,10,shrinkage_eye,cosine,1
861,20,10,20,10,shrinkage_eye,corr,1
862,20,10,20,10,shrinkage_eye,corr_cov,1
863,20,10,20,10,shrinkage_eye,cosine_cov,1
864,20,10,20,20,eye,cosine,1
865,20,10,20,20,eye,corr,1
866,20,10,20,20,eye,corr_cov,1
867,20,10,20,20,eye,cosine_cov,1
868,20,10,20,20,diag,cosine,1
869,20,10,20,20,diag,corr,1
870,20,10,20,20,diag,corr_cov,1
871,20,10,20,20,diag,cosine_cov,1
872,20,10,20,20,shrinkage_diag,cosine,1
873,20,10,20,20,shrinkage_diag,corr,1
874,20,10,20,20,shrinkage_diag,corr_cov,1
875,20,10,20,20,shrinkage_diag,cosine_cov,1
876,20,10,20,20,shrinkage_eye,cosine,1
877,20,10,20,20,shrinkage_eye,corr,1
878,20,10,20,20,shrinkage_eye,corr_cov,1
879,20,10,20,20,shrinkage_eye,cosine_cov,1
880,20,10,20,40,eye,cosine,1
881,20,10,20,40,eye,corr,1
882,20,10,20,40,eye,corr_cov,1
883,20,10,20,40,eye,cosine_cov,1
884,20,10,20,40,diag,cosine,1
885,20,10,20,40,diag,corr,1
886,20,10,20,40,diag,corr_cov,1
887,20,10,20,40,diag,cosine_cov,1
888,20,10,20,40,shrinkage_diag,cosine,1
889,20,10,20,40,shrinkage_diag,corr,1
890,20,10,20,40,shrinkage_diag,corr_cov,1
891,20,10,20,40,shrinkage_diag,cosine_cov,1
892,20,10,20,40,shrinkage_eye,cosine,1
893,20,10,20,40,shrinkage_eye,corr,1
894,20,10,20,40,shrinkage_eye,corr_cov,1
895,20,10,20,40,shrinkage_eye,cosine_cov,1
896,20,10,40,5,eye,cosine,1
897,20,10,40,5,eye,corr,1
898,20,10,40,5,eye,corr_cov,1
899,20,10,40,5,eye,cosine_cov,1
900,20,10,40,5,diag,cosine,1
901,20,10,40,5,diag,corr,1
902,20,10,40,5,diag,corr_cov,1
903,20,10,40,5,diag,cosine_cov,1
904,20,10,40,5,shrinkage_diag,cosine,1
905,20,10,40,5,shrinkage_diag,corr,1
906,20,10,40,5,shrinkage_diag,corr_cov,1
907,20,10,40,5,shrinkage_diag,cosine_cov,1
908,20,10,40,5,shrinkage_eye,cosine,1
909,20,10,40,5,shrinkage_eye,corr,1
910,20,10,40,5,shrinkage_eye,corr_cov,1
911,20,10,40,5,shrinkage_eye,cosine_cov,1
912,20,10,40,10,eye,cosine,1
913,20,10,40,10,eye,corr,1
914,20,10,40,10,eye,corr_cov,1
915,20,10,40,10,eye,cosine_cov,1
916,20,10,40,10,diag,cosine,1
917,20,10,40,10,diag,corr,1
918,20,10,40,10,diag,corr_cov,1
919,20,10,40,10,diag,cosine_cov,1
920,20,10,40,10,shrinkage_diag,cosine,1
921,20,10,40,10,shrinkage_diag,corr,1
922,20,10,40,10,shrinkage_diag,corr_cov,1
923,20,10,40,10,shrinkage_diag,cosine_cov,1
924,20,10,40,10,shrinkage_eye,cosine,1
925,20,10,40,10,shrinkage_eye,corr,1
926,20,10,40,10,shrinkage_eye,corr_cov,1
927,20,10,40,10,shrinkage_eye,cosine_cov,1
928,20,10,40,20,eye,cosine,1
929,20,10,40,20,eye,corr,1
930,20,10,40,20,eye,corr_cov,1
931,20,10,40,20,eye,cosine_cov,1
932,20,10,40,20,diag,cosine,1
933,20,10,40,20,diag,corr,1
934,20,10,40,20,diag,corr_cov,1
935,20,10,40,20,diag,cosine_cov,1
936,20,10,40,20,shrinkage_diag,cosine,1
937,20,10,40,20,shrinkage_diag,corr,1
938,20,10,40,20,shrinkage_diag,corr_cov,1
939,20,10,40,20,shrinkage_diag,cosine_cov,1
940,20,10,40,20,shrinkage_eye,cosine,1
941,20,10,40,20,shrinkage_eye,corr,1
942,20,10,40,20,shrinkage_eye,corr_cov,1
943,20,10,40,20,shrinkage_eye,cosine_cov,1
944,20,10,40,40,eye,cosine,1
945,20,10,40,40,eye,corr,1
946,20,10,40,40,eye,corr_cov,1
947,20,10,40,40,eye,cosine_cov,1
948,20,10,40,40,diag,cosine,1
949,20,10,40,40,diag,corr,1
950,20,10,40,40,diag,corr_cov,1
951,20,10,40,40,diag,cosine_cov,1
952,20,10,40,40,shrinkage_diag,cosine,1
953,20,10,40,40,shrinkage_diag,corr,1
954,20,10,40,40,shrinkage_diag,corr_cov,1
955,20,10,40,40,shrinkage_diag,cosine_cov,1
956,20,10,40,40,shrinkage_eye,cosine,1
957,20,10,40,40,shrinkage_eye,corr,1
958,20,10,40,40,shrinkage_eye,corr_cov,1
959,20,10,40,40,shrinkage_eye,cosine_cov,1
960,40,10,10,5,eye,cosine,1
961,40,10,10,5,eye,corr,1
962,40,10,10,5,eye,corr_cov,1
963,40,10,10,5,eye,cosine_cov,1
964,40,10,10,5,diag,cosine,1
965,40,10,10,5,diag,corr,1
966,40,10,10,5,diag,corr_cov,1
967,40,10,10,5,diag,cosine_cov,1
968,40,10,10,5,shrinkage_diag,cosine,1
969,40,10,10,5,shrinkage_diag,corr,1
970,40,10,10,5,shrinkage_diag,corr_cov,1
971,40,10,10,5,shrinkage_diag,cosine_cov,1
972,40,10,10,5,shrinkage_eye,cosine,1
973,40,10,10,5,shrinkage_eye,corr,1
974,40,10,10,5,shrinkage_eye,corr_cov,1
975,40,10,10,5,shrinkage_eye,cosine_cov,1
976,40,10,10,10,eye,cosine,1
977,40,10,10,10,eye,corr,1
978,40,10,10,10,eye,corr_cov,1
979,40,10,10,10,eye,cosine_cov,1
980,40,10,10,10,diag,cosine,1
981,40,10,10,10,diag,corr,1
982,40,10,10,10,diag,corr_cov,1
983,40,10,10,10,diag,cosine_cov,1
984,40,10,10,10,shrinkage_diag,cosine,1
985,40,10,10,10,shrinkage_diag,corr,1
986,40,10,10,10,shrinkage_diag,corr_cov,1
987,40,10,10,10,shrinkage_diag,cosine_cov,1
988,40,10,10,10,shrinkage_eye,cosine,1
989,40,10,10,10,shrinkage_eye,corr,1
990,40,10,10,10,shrinkage_eye,corr_cov,1
991,40,10,10,10,shrinkage_eye,cosine_cov,1
992,40,10,10,20,eye,cosine,1
993,40,10,10,20,eye,corr,1
994,40,10,10,20,eye,corr_cov,1
995,40,10,10,20,eye,cosine_cov,1
996,40,10,10,20,diag,cosine,1
997,40,10,10,20,diag,corr,1
998,40,10,10,20,diag,corr_cov,1
999,40,10,10,20,diag,cosine_cov,1
1000,40,10,10,20,shrinkage_diag,cosine,1
1001,40,10,10,20,shrinkage_diag,corr,1
1002,40,10,10,20,shrinkage_diag,corr_cov,1
1003,40,10,10,20,shrinkage_diag,cosine_cov,1
1004,40,10,10,20,shrinkage_eye,cosine,1
1005,40,10,10,20,shrinkage_eye,corr,1
1006,40,10,10,20,shrinkage_eye,corr_cov,1
1007,40,10,10,20,shrinkage_eye,cosine_cov,1
1008,40,10,10,40,eye,cosine,1
1009,40,10,10,40,eye,corr,1
1010,40,10,10,40,eye,corr_cov,1
1011,40,10,10,40,eye,cosine_cov,1
1012,40,10,10,40,diag,cosine,1
1013,40,10,10,40,diag,corr,1
1014,40,10,10,40,diag,corr_cov,1
1015,40,10,10,40,diag,cosine_cov,1
1016,40,10,10,40,shrinkage_diag,cosine,1
1017,40,10,10,40,shrinkage_diag,corr,1
1018,40,10,10,40,shrinkage_diag,corr_cov,1
1019,40,10,10,40,shrinkage_diag,cosine_cov,1
1020,40,10,10,40,shrinkage_eye,cosine,1
1021,40,10,10,40,shrinkage_eye,corr,1
1022,40,10,10,40,shrinkage_eye,corr_cov,1
1023,40,10,10,40,shrinkage_eye,cosine_cov,1
1024,40,10,20,5,eye,cosine,1
1025,40,10,20,5,eye,corr,1
1026,40,10,20,5,eye,corr_cov,1
1027,40,10,20,5,eye,cosine_cov,1
1028,40,10,20,5,diag,cosine,1
1029,40,10,20,5,diag,corr,1
1030,40,10,20,5,diag,corr_cov,1
1031,40,10,20,5,diag,cosine_cov,1
1032,40,10,20,5,shrinkage_diag,cosine,1
1033,40,10,20,5,shrinkage_diag,corr,1
1034,40,10,20,5,shrinkage_diag,corr_cov,1
1035,40,10,20,5,shrinkage_diag,cosine_cov,1
1036,40,10,20,5,shrinkage_eye,cosine,1
1037,40,10,20,5,shrinkage_eye,corr,1
1038,40,10,20,5,shrinkage_eye,corr_cov,1
1039,40,10,20,5,shrinkage_eye,cosine_cov,1
1040,40,10,20,10,eye,cosine,1
1041,40,10,20,10,eye,corr,1
1042,40,10,20,10,eye,corr_cov,1
1043,40,10,20,10,eye,cosine_cov,1
1044,40,10,20,10,diag,cosine,1
1045,40,10,20,10,diag,corr,1
1046,40,10,20,10,diag,corr_cov,1
1047,40,10,20,10,diag,cosine_cov,1
1048,40,10,20,10,shrinkage_diag,cosine,1
1049,40,10,20,10,shrinkage_diag,corr,1
1050,40,10,20,10,shrinkage_diag,corr_cov,1
1051,40,10,20,10,shrinkage_diag,cosine_cov,1
1052,40,10,20,10,shrinkage_eye,cosine,1
1053,40,10,20,10,shrinkage_eye,corr,1
1054,40,10,20,10,shrinkage_eye,corr_cov,1
1055,40,10,20,10,shrinkage_eye,cosine_cov,1
1056,40,10,20,20,eye,cosine,1
1057,40,10,20,20,eye,corr,1
1058,40,10,20,20,eye,corr_cov,1
1059,40,10,20,20,eye,cosine_cov,1
1060,40,10,20,20,diag,cosine,1
1061,40,10,20,20,diag,corr,1
1062,40,10,20,20,diag,corr_cov,1
1063,40,10,20,20,diag,cosine_cov,1
1064,40,10,20,20,shrinkage_diag,cosine,1
1065,40,10,20,20,shrinkage_diag,corr,1
1066,40,10,20,20,shrinkage_diag,corr_cov,1
1067,40,10,20,20,shrinkage_diag,cosine_cov,1
1068,40,10,20,20,shrinkage_eye,cosine,1
1069,40,10,20,20,shrinkage_eye,corr,1
1070,40,10,20,20,shrinkage_eye,corr_cov,1
1071,40,10,20,20,shrinkage_eye,cosine_cov,1
1072,40,10,20,40,eye,cosine,1
1073,40,10,20,40,eye,corr,1
1074,40,10,20,40,eye,corr_cov,1
1075,40,10,20,40,eye,cosine_cov,1
1076,40,10,20,40,diag,cosine,1
1077,40,10,20,40,diag,corr,1
1078,40,10,20,40,diag,corr_cov,1
1079,40,10,20,40,diag,cosine_cov,1
1080,40,10,20,40,shrinkage_diag,cosine,1
1081,40,10,20,40,shrinkage_diag,corr,1
1082,40,10,20,40,shrinkage_diag,corr_cov,1
1083,40,10,20,40,shrinkage_diag,cosine_cov,1
1084,40,10,20,40,shrinkage_eye,cosine,1
1085,40,10,20,40,shrinkage_eye,corr,1
1086,40,10,20,40,shrinkage_eye,corr_cov,1
1087,40,10,20,40,shrinkage_eye,cosine_cov,1
1088,40,10,40,5,eye,cosine,1
1089,40,10,40,5,eye,corr,1
1090,40,10,40,5,eye,corr_cov,1
1091,40,10,40,5,eye,cosine_cov,1
1092,40,10,40,5,diag,cosine,1
1093,40,10,40,5,diag,corr,1
1094,40,10,40,5,diag,corr_cov,1
1095,40,10,40,5,diag,cosine_cov,1
1096,40,10,40,5,shrinkage_diag,cosine,1
1097,40,10,40,5,shrinkage_diag,corr,1
1098,40,10,40,5,shrinkage_diag,corr_cov,1
1099,40,10,40,5,shrinkage_diag,cosine_cov,1
1100,40,10,40,5,shrinkage_eye,cosine,1
1101,40,10,40,5,shrinkage_eye,corr,1
1102,40,10,40,5,shrinkage_eye,corr_cov,1
1103,40,10,40,5,shrinkage_eye,cosine_cov,1
1104,40,10,40,10,eye,cosine,1
1105,40,10,40,10,eye,corr,1
1106,40,10,40,10,eye,corr_cov,1
1107,40,10,40,10,eye,cosine_cov,1
1108,40,10,40,10,diag,cosine,1
1109,40,10,40,10,diag,corr,1
1110,40,10,40,10,diag,corr_cov,1
1111,40,10,40,10,diag,cosine_cov,1
1112,40,10,40,10,shrinkage_diag,cosine,1
1113,40,10,40,10,shrinkage_diag,corr,1
1114,40,10,40,10,shrinkage_diag,corr_cov,1
1115,40,10,40,10,shrinkage_diag,cosine_cov,1
1116,40,10,40,10,shrinkage_eye,cosine,1
1117,40,10,40,10,shrinkage_eye,corr,1
1118,40,10,40,10,shrinkage_eye,corr_cov,1
1119,40,10,40,10,shrinkage_eye,cosine_cov,1
1120,40,10,40,20,eye,cosine,1
1121,40,10,40,20,eye,corr,1
1122,40,10,40,20,eye,corr_cov,1
1123,40,10,40,20,eye,cosine_cov,1
1124,40,10,40,20,diag,cosine,1
1125,40,10,40,20,diag,corr,1
1126,40,10,40,20,diag,corr_cov,1
1127,40,10,40,20,diag,cosine_cov,1
1128,40,10,40,20,shrinkage_diag,cosine,1
1129,40,10,40,20,shrinkage_diag,corr,1
1130,40,10,40,20,shrinkage_diag,corr_cov,1
1131,40,10,40,20,shrinkage_diag,cosine_cov,1
1132,40,10,40,20,shrinkage_eye,cosine,1
1133,40,10,40,20,shrinkage_eye,corr,1
1134,40,10,40,20,shrinkage_eye,corr_cov,1
1135,40,10,40,20,shrinkage_eye,cosine_cov,1
1136,40,10,40,40,eye,cosine,1
1137,40,10,40,40,eye,corr,1
1138,40,10,40,40,eye,corr_cov,1
1139,40,10,40,40,eye,cosine_cov,1
1140,40,10,40,40,diag,cosine,1
1141,40,10,40,40,diag,corr,1
1142,40,10,40,40,diag,corr_cov,1
1143,40,10,40,40,diag,cosine_cov,1
1144,40,10,40,40,shrinkage_diag,cosine,1
1145,40,10,40,40,shrinkage_diag,corr,1
1146,40,10,40,40,shrinkage_diag,corr_cov,1
1147,40,10,40,40,shrinkage_diag,cosine_cov,1
1148,40,10,40,40,shrinkage_eye,cosine,1
1149,40,10,40,40,shrinkage_eye,corr,1
1150,40,10,40,40,shrinkage_eye,corr_cov,1
1151,40,10,40,40,shrinkage_eye,cosine_cov,1
1152,10,15,10,5,eye,cosine,1
1153,10,15,10,5,eye,corr,1
1154,10,15,10,5,eye,corr_cov,1
1155,10,15,10,5,eye,cosine_cov,1
1156,10,15,10,5,diag,cosine,1
1157,10,15,10,5,diag,corr,1
1158,10,15,10,5,diag,corr_cov,1
1159,10,15,10,5,diag,cosine_cov,1
1160,10,15,10,5,shrinkage_diag,cosine,1
1161,10,15,10,5,shrinkage_diag,corr,1
1162,10,15,10,5,shrinkage_diag,corr_cov,1
1163,10,15,10,5,shrinkage_diag,cosine_cov,1
1164,10,15,10,5,shrinkage_eye,cosine,1
1165,10,15,10,5,shrinkage_eye,corr,1
1166,10,15,10,5,shrinkage_eye,corr_cov,1
1167,10,15,10,5,shrinkage_eye,cosine_cov,1
1168,10,15,10,10,eye,cosine,1
1169,10,15,10,10,eye,corr,1
1170,10,15,10,10,eye,corr_cov,1
1171,10,15,10,10,eye,cosine_cov,1
1172,10,15,10,10,diag,cosine,1
1173,10,15,10,10,diag,corr,1
1174,10,15,10,10,diag,corr_cov,1
1175,10,15,10,10,diag,cosine_cov,1
1176,10,15,10,10,shrinkage_diag,cosine,1
1177,10,15,10,10,shrinkage_diag,corr,1
1178,10,15,10,10,shrinkage_diag,corr_cov,1
1179,10,15,10,10,shrinkage_diag,cosine_cov,1
1180,10,15,10,10,shrinkage_eye,cosine,1
1181,10,15,10,10,shrinkage_eye,corr,1
1182,10,15,10,10,shrinkage_eye,corr_cov,1
1183,10,15,10,10,shrinkage_eye,cosine_cov,1
1184,10,15,10,20,eye,cosine,1
1185,10,15,10,20,eye,corr,1
1186,10,15,10,20,eye,corr_cov,1
1187,10,15,10,20,eye,cosine_cov,1
1188,10,15,10,20,diag,cosine,1
1189,10,15,10,20,diag,corr,1
1190,10,15,10,20,diag,corr_cov,1
1191,10,15,10,20,diag,cosine_cov,1
1192,10,15,10,20,shrinkage_diag,cosine,1
1193,10,15,10,20,shrinkage_diag,corr,1
1194,10,15,10,20,shrinkage_diag,corr_cov,1
1195,10,15,10,20,shrinkage_diag,cosine_cov,1
1196,10,15,10,20,shrinkage_eye,cosine,1
1197,10,15,10,20,shrinkage_eye,corr,1
1198,10,15,10,20,shrinkage_eye,corr_cov,1
1199,10,15,10,20,shrinkage_eye,cosine_cov,1
1200,10,15,10,40,eye,cosine,1
1201,10,15,10,40,eye,corr,1
1202,10,15,10,40,eye,corr_cov,1
1203,10,15,10,40,eye,cosine_cov,1
1204,10,15,10,40,diag,cosine,1
1205,10,15,10,40,diag,corr,1
1206,10,15,10,40,diag,corr_cov,1
1207,10,15,10,40,diag,cosine_cov,1
1208,10,15,10,40,shrinkage_diag,cosine,1
1209,10,15,10,40,shrinkage_diag,corr,1
1210,10,15,10,40,shrinkage_diag,corr_cov,1
1211,10,15,10,40,shrinkage_diag,cosine_cov,1
1212,10,15,10,40,shrinkage_eye,cosine,1
1213,10,15,10,40,shrinkage_eye,corr,1
1214,10,15,10,40,shrinkage_eye,corr_cov,1
1215,10,15,10,40,shrinkage_eye,cosine_cov,1
1216,10,15,20,5,eye,cosine,1
1217,10,15,20,5,eye,corr,1
1218,10,15,20,5,eye,corr_cov,1
1219,10,15,20,5,eye,cosine_cov,1
1220,10,15,20,5,diag,cosine,1
1221,10,15,20,5,diag,corr,1
1222,10,15,20,5,diag,corr_cov,1
1223,10,15,20,5,diag,cosine_cov,1
1224,10,15,20,5,shrinkage_diag,cosine,1
1225,10,15,20,5,shrinkage_diag,corr,1
1226,10,15,20,5,shrinkage_diag,corr_cov,1
1227,10,15,20,5,shrinkage_diag,cosine_cov,1
1228,10,15,20,5,shrinkage_eye,cosine,1
1229,10,15,20,5,shrinkage_eye,corr,1
1230,10,15,20,5,shrinkage_eye,corr_cov,1
1231,10,15,20,5,shrinkage_eye,cosine_cov,1
1232,10,15,20,10,eye,cosine,1
1233,10,15,20,10,eye,corr,1
1234,10,15,20,10,eye,corr_cov,1
1235,10,15,20,10,eye,cosine_cov,1
1236,10,15,20,10,diag,cosine,1
1237,10,15,20,10,diag,corr,1
1238,10,15,20,10,diag,corr_cov,1
1239,10,15,20,10,diag,cosine_cov,1
1240,10,15,20,10,shrinkage_diag,cosine,1
1241,10,15,20,10,shrinkage_diag,corr,1
1242,10,15,20,10,shrinkage_diag,corr_cov,1
1243,10,15,20,10,shrinkage_diag,cosine_cov,1
1244,10,15,20,10,shrinkage_eye,cosine,1
1245,10,15,20,10,shrinkage_eye,corr,1
1246,10,15,20,10,shrinkage_eye,corr_cov,1
1247,10,15,20,10,shrinkage_eye,cosine_cov,1
1248,10,15,20,20,eye,cosine,1
1249,10,15,20,20,eye,corr,1
1250,10,15,20,20,eye,corr_cov,1
1251,10,15,20,20,eye,cosine_cov,1
1252,10,15,20,20,diag,cosine,1
1253,10,15,20,20,diag,corr,1
1254,10,15,20,20,diag,corr_cov,1
1255,10,15,20,20,diag,cosine_cov,1
1256,10,15,20,20,shrinkage_diag,cosine,1
1257,10,15,20,20,shrinkage_diag,corr,1
1258,10,15,20,20,shrinkage_diag,corr_cov,1
1259,10,15,20,20,shrinkage_diag,cosine_cov,1
1260,10,15,20,20,shrinkage_eye,cosine,1
1261,10,15,20,20,shrinkage_eye,corr,1
1262,10,15,20,20,shrinkage_eye,corr_cov,1
1263,10,15,20,20,shrinkage_eye,cosine_cov,1
1264,10,15,20,40,eye,cosine,1
1265,10,15,20,40,eye,corr,1
1266,10,15,20,40,eye,corr_cov,1
1267,10,15,20,40,eye,cosine_cov,1
1268,10,15,20,40,diag,cosine,1
1269,10,15,20,40,diag,corr,1
1270,10,15,20,40,diag,corr_cov,1
1271,10,15,20,40,diag,cosine_cov,1
1272,10,15,20,40,shrinkage_diag,cosine,1
1273,10,15,20,40,shrinkage_diag,corr,1
1274,10,15,20,40,shrinkage_diag,corr_cov,1
1275,10,15,20,40,shrinkage_diag,cosine_cov,1
1276,10,15,20,40,shrinkage_eye,cosine,1
1277,10,15,20,40,shrinkage_eye,corr,1
1278,10,15,20,40,shrinkage_eye,corr_cov,1
1279,10,15,20,40,shrinkage_eye,cosine_cov,1
1280,10,15,40,5,eye,cosine,1
1281,10,15,40,5,eye,corr,1
1282,10,15,40,5,eye,corr_cov,1
1283,10,15,40,5,eye,cosine_cov,1
1284,10,15,40,5,diag,cosine,1
1285,10,15,40,5,diag,corr,1
1286,10,15,40,5,diag,corr_cov,1
1287,10,15,40,5,diag,cosine_cov,1
1288,10,15,40,5,shrinkage_diag,cosine,1
1289,10,15,40,5,shrinkage_diag,corr,1
1290,10,15,40,5,shrinkage_diag,corr_cov,1
1291,10,15,40,5,shrinkage_diag,cosine_cov,1
1292,10,15,40,5,shrinkage_eye,cosine,1
1293,10,15,40,5,shrinkage_eye,corr,1
1294,10,15,40,5,shrinkage_eye,corr_cov,1
1295,10,15,40,5,shrinkage_eye,cosine_cov,1
1296,10,15,40,10,eye,cosine,1
1297,10,15,40,10,eye,corr,1
1298,10,15,40,10,eye,corr_cov,1
1299,10,15,40,10,eye,cosine_cov,1
1300,10,15,40,10,diag,cosine,1
1301,10,15,40,10,diag,corr,1
1302,10,15,40,10,diag,corr_cov,1
1303,10,15,40,10,diag,cosine_cov,1
1304,10,15,40,10,shrinkage_diag,cosine,1
1305,10,15,40,10,shrinkage_diag,corr,1
1306,10,15,40,10,shrinkage_diag,corr_cov,1
1307,10,15,40,10,shrinkage_diag,cosine_cov,1
1308,10,15,40,10,shrinkage_eye,cosine,1
1309,10,15,40,10,shrinkage_eye,corr,1
1310,10,15,40,10,shrinkage_eye,corr_cov,1
1311,10,15,40,10,shrinkage_eye,cosine_cov,1
1312,10,15,40,20,eye,cosine,1
1313,10,15,40,20,eye,corr,1
1314,10,15,40,20,eye,corr_cov,1
1315,10,15,40,20,eye,cosine_cov,1
1316,10,15,40,20,diag,cosine,1
1317,10,15,40,20,diag,corr,1
1318,10,15,40,20,diag,corr_cov,1
1319,10,15,40,20,diag,cosine_cov,1
1320,10,15,40,20,shrinkage_diag,cosine,1
1321,10,15,40,20,shrinkage_diag,corr,1
1322,10,15,40,20,shrinkage_diag,corr_cov,1
1323,10,15,40,20,shrinkage_diag,cosine_cov,1
1324,10,15,40,20,shrinkage_eye,cosine,1
1325,10,15,40,20,shrinkage_eye,corr,1
1326,10,15,40,20,shrinkage_eye,corr_cov,1
1327,10,15,40,20,shrinkage_eye,cosine_cov,1
1328,10,15,40,40,eye,cosine,1
1329,10,15,40,40,eye,corr,1
1330,10,15,40,40,eye,corr_cov,1
1331,10,15,40,40,eye,cosine_cov,1
1332,10,15,40,40,diag,cosine,1
1333,10,15,40,40,diag,corr,1
1334,10,15,40,40,diag,corr_cov,1
1335,10,15,40,40,diag,cosine_cov,1
1336,10,15,40,40,shrinkage_diag,cosine,1
1337,10,15,40,40,shrinkage_diag,corr,1
1338,10,15,40,40,shrinkage_diag,corr_cov,1
1339,10,15,40,40,shrinkage_diag,cosine_cov,1
1340,10,15,40,40,shrinkage_eye,cosine,1
1341,10,15,40,40,shrinkage_eye,corr,1
1342,10,15,40,40,shrinkage_eye,corr_cov,1
1343,10,15,40,40,shrinkage_eye,cosine_cov,1
1344,20,15,10,5,eye,cosine,1
1345,20,15,10,5,eye,corr,1
1346,20,15,10,5,eye,corr_cov,1
1347,20,15,10,5,eye,cosine_cov,1
1348,20,15,10,5,diag,cosine,1
1349,20,15,10,5,diag,corr,1
1350,20,15,10,5,diag,corr_cov,1
1351,20,15,10,5,diag,cosine_cov,1
1352,20,15,10,5,shrinkage_diag,cosine,1
1353,20,15,10,5,shrinkage_diag,corr,1
1354,20,15,10,5,shrinkage_diag,corr_cov,1
1355,20,15,10,5,shrinkage_diag,cosine_cov,1
1356,20,15,10,5,shrinkage_eye,cosine,1
1357,20,15,10,5,shrinkage_eye,corr,1
1358,20,15,10,5,shrinkage_eye,corr_cov,1
1359,20,15,10,5,shrinkage_eye,cosine_cov,1
1360,20,15,10,10,eye,cosine,1
1361,20,15,10,10,eye,corr,1
1362,20,15,10,10,eye,corr_cov,1
1363,20,15,10,10,eye,cosine_cov,1
1364,20,15,10,10,diag,cosine,1
1365,20,15,10,10,diag,corr,1
1366,20,15,10,10,diag,corr_cov,1
1367,20,15,10,10,diag,cosine_cov,1
1368,20,15,10,10,shrinkage_diag,cosine,1
1369,20,15,10,10,shrinkage_diag,corr,1
1370,20,15,10,10,shrinkage_diag,corr_cov,1
1371,20,15,10,10,shrinkage_diag,cosine_cov,1
1372,20,15,10,10,shrinkage_eye,cosine,1
1373,20,15,10,10,shrinkage_eye,corr,1
1374,20,15,10,10,shrinkage_eye,corr_cov,1
1375,20,15,10,10,shrinkage_eye,cosine_cov,1
1376,20,15,10,20,eye,cosine,1
1377,20,15,10,20,eye,corr,1
1378,20,15,10,20,eye,corr_cov,1
1379,20,15,10,20,eye,cosine_cov,1
1380,20,15,10,20,diag,cosine,1
1381,20,15,10,20,diag,corr,1
1382,20,15,10,20,diag,corr_cov,1
1383,20,15,10,20,diag,cosine_cov,1
1384,20,15,10,20,shrinkage_diag,cosine,1
1385,20,15,10,20,shrinkage_diag,corr,1
1386,20,15,10,20,shrinkage_diag,corr_cov,1
1387,20,15,10,20,shrinkage_diag,cosine_cov,1
1388,20,15,10,20,shrinkage_eye,cosine,1
1389,20,15,10,20,shrinkage_eye,corr,1
1390,20,15,10,20,shrinkage_eye,corr_cov,1
1391,20,15,10,20,shrinkage_eye,cosine_cov,1
1392,20,15,10,40,eye,cosine,1
1393,20,15,10,40,eye,corr,1
1394,20,15,10,40,eye,corr_cov,1
1395,20,15,10,40,eye,cosine_cov,1
1396,20,15,10,40,diag,cosine,1
1397,20,15,10,40,diag,corr,1
1398,20,15,10,40,diag,corr_cov,1
1399,20,15,10,40,diag,cosine_cov,1
1400,20,15,10,40,shrinkage_diag,cosine,1
1401,20,15,10,40,shrinkage_diag,corr,1
1402,20,15,10,40,shrinkage_diag,corr_cov,1
1403,20,15,10,40,shrinkage_diag,cosine_cov,1
1404,20,15,10,40,shrinkage_eye,cosine,1
1405,20,15,10,40,shrinkage_eye,corr,1
1406,20,15,10,40,shrinkage_eye,corr_cov,1
1407,20,15,10,40,shrinkage_eye,cosine_cov,1
1408,20,15,20,5,eye,cosine,1
1409,20,15,20,5,eye,corr,1
1410,20,15,20,5,eye,corr_cov,1
1411,20,15,20,5,eye,cosine_cov,1
1412,20,15,20,5,diag,cosine,1
1413,20,15,20,5,diag,corr,1
1414,20,15,20,5,diag,corr_cov,1
1415,20,15,20,5,diag,cosine_cov,1
1416,20,15,20,5,shrinkage_diag,cosine,1
1417,20,15,20,5,shrinkage_diag,corr,1
1418,20,15,20,5,shrinkage_diag,corr_cov,1
1419,20,15,20,5,shrinkage_diag,cosine_cov,1
1420,20,15,20,5,shrinkage_eye,cosine,1
1421,20,15,20,5,shrinkage_eye,corr,1
1422,20,15,20,5,shrinkage_eye,corr_cov,1
1423,20,15,20,5,shrinkage_eye,cosine_cov,1
1424,20,15,20,10,eye,cosine,1
1425,20,15,20,10,eye,corr,1
1426,20,15,20,10,eye,corr_cov,1
1427,20,15,20,10,eye,cosine_cov,1
1428,20,15,20,10,diag,cosine,1
1429,20,15,20,10,diag,corr,1
1430,20,15,20,10,diag,corr_cov,1
1431,20,15,20,10,diag,cosine_cov,1
1432,20,15,20,10,shrinkage_diag,cosine,1
1433,20,15,20,10,shrinkage_diag,corr,1
1434,20,15,20,10,shrinkage_diag,corr_cov,1
1435,20,15,20,10,shrinkage_diag,cosine_cov,1
1436,20,15,20,10,shrinkage_eye,cosine,1
1437,20,15,20,10,shrinkage_eye,corr,1
1438,20,15,20,10,shrinkage_eye,corr_cov,1
1439,20,15,20,10,shrinkage_eye,cosine_cov,1
1440,20,15,20,20,eye,cosine,1
1441,20,15,20,20,eye,corr,1
1442,20,15,20,20,eye,corr_cov,1
1443,20,15,20,20,eye,cosine_cov,1
1444,20,15,20,20,diag,cosine,1
1445,20,15,20,20,diag,corr,1
1446,20,15,20,20,diag,corr_cov,1
1447,20,15,20,20,diag,cosine_cov,1
1448,20,15,20,20,shrinkage_diag,cosine,1
1449,20,15,20,20,shrinkage_diag,corr,1
1450,20,15,20,20,shrinkage_diag,corr_cov,1
1451,20,15,20,20,shrinkage_diag,cosine_cov,1
1452,20,15,20,20,shrinkage_eye,cosine,1
1453,20,15,20,20,shrinkage_eye,corr,1
1454,20,15,20,20,shrinkage_eye,corr_cov,1
1455,20,15,20,20,shrinkage_eye,cosine_cov,1
1456,20,15,20,40,eye,cosine,1
1457,20,15,20,40,eye,corr,1
1458,20,15,20,40,eye,corr_cov,1
1459,20,15,20,40,eye,cosine_cov,1
1460,20,15,20,40,diag,cosine,1
1461,20,15,20,40,diag,corr,1
1462,20,15,20,40,diag,corr_cov,1
1463,20,15,20,40,diag,cosine_cov,1
1464,20,15,20,40,shrinkage_diag,cosine,1
1465,20,15,20,40,shrinkage_diag,corr,1
1466,20,15,20,40,shrinkage_diag,corr_cov,1
1467,20,15,20,40,shrinkage_diag,cosine_cov,1
1468,20,15,20,40,shrinkage_eye,cosine,1
1469,20,15,20,40,shrinkage_eye,corr,1
1470,20,15,20,40,shrinkage_eye,corr_cov,1
1471,20,15,20,40,shrinkage_eye,cosine_cov,1
1472,20,15,40,5,eye,cosine,1
1473,20,15,40,5,eye,corr,1
1474,20,15,40,5,eye,corr_cov,1
1475,20,15,40,5,eye,cosine_cov,1
1476,20,15,40,5,diag,cosine,1
1477,20,15,40,5,diag,corr,1
1478,20,15,40,5,diag,corr_cov,1
1479,20,15,40,5,diag,cosine_cov,1
1480,20,15,40,5,shrinkage_diag,cosine,1
1481,20,15,40,5,shrinkage_diag,corr,1
1482,20,15,40,5,shrinkage_diag,corr_cov,1
1483,20,15,40,5,shrinkage_diag,cosine_cov,1
1484,20,15,40,5,shrinkage_eye,cosine,1
1485,20,15,40,5,shrinkage_eye,corr,1
1486,20,15,40,5,shrinkage_eye,corr_cov,1
1487,20,15,40,5,shrinkage_eye,cosine_cov,1
1488,20,15,40,10,eye,cosine,1
1489,20,15,40,10,eye,corr,1
1490,20,15,40,10,eye,corr_cov,1
1491,20,15,40,10,eye,cosine_cov,1
1492,20,15,40,10,diag,cosine,1
1493,20,15,40,10,diag,corr,1
1494,20,15,40,10,diag,corr_cov,1
1495,20,15,40,10,diag,cosine_cov,1
1496,20,15,40,10,shrinkage_diag,cosine,1
1497,20,15,40,10,shrinkage_diag,corr,1
1498,20,15,40,10,shrinkage_diag,corr_cov,1
1499,20,15,40,10,shrinkage_diag,cosine_cov,1
1500,20,15,40,10,shrinkage_eye,cosine,1
1501,20,15,40,10,shrinkage_eye,corr,1
1502,20,15,40,10,shrinkage_eye,corr_cov,1
1503,20,15,40,10,shrinkage_eye,cosine_cov,1
1504,20,15,40,20,eye,cosine,1
1505,20,15,40,20,eye,corr,1
1506,20,15,40,20,eye,corr_cov,1
1507,20,15,40,20,eye,cosine_cov,1
1508,20,15,40,20,diag,cosine,1
1509,20,15,40,20,diag,corr,1
1510,20,15,40,20,diag,corr_cov,1
1511,20,15,40,20,diag,cosine_cov,1
1512,20,15,40,20,shrinkage_diag,cosine,1
1513,20,15,40,20,shrinkage_diag,corr,1
1514,20,15,40,20,shrinkage_diag,corr_cov,1
1515,20,15,40,20,shrinkage_diag,cosine_cov,1
1516,20,15,40,20,shrinkage_eye,cosine,1
1517,20,15,40,20,shrinkage_eye,corr,1
1518,20,15,40,20,shrinkage_eye,corr_cov,1
1519,20,15,40,20,shrinkage_eye,cosine_cov,1
1520,20,15,40,40,eye,cosine,1
1521,20,15,40,40,eye,corr,1
1522,20,15,40,40,eye,corr_cov,1
1523,20,15,40,40,eye,cosine_cov,1
1524,20,15,40,40,diag,cosine,1
1525,20,15,40,40,diag,corr,1
1526,20,15,40,40,diag,corr_cov,1
1527,20,15,40,40,diag,cosine_cov,1
1528,20,15,40,40,shrinkage_diag,cosine,1
1529,20,15,40,40,shrinkage_diag,corr,1
1530,20,15,40,40,shrinkage_diag,corr_cov,1
1531,20,15,40,40,shrinkage_diag,cosine_cov,1
1532,20,15,40,40,shrinkage_eye,cosine,1
1533,20,15,40,40,shrinkage_eye,corr,1
1534,20,15,40,40,shrinkage_eye,corr_cov,1
1535,20,15,40,40,shrinkage_eye,cosine_cov,1
1536,40,15,10,5,eye,cosine,1
1537,40,15,10,5,eye,corr,1
1538,40,15,10,5,eye,corr_cov,1
1539,40,15,10,5,eye,cosine_cov,1
1540,40,15,10,5,diag,cosine,1
1541,40,15,10,5,diag,corr,1
1542,40,15,10,5,diag,corr_cov,1
1543,40,15,10,5,diag,cosine_cov,1
1544,40,15,10,5,shrinkage_diag,cosine,1
1545,40,15,10,5,shrinkage_diag,corr,1
1546,40,15,10,5,shrinkage_diag,corr_cov,1
1547,40,15,10,5,shrinkage_diag,cosine_cov,1
1548,40,15,10,5,shrinkage_eye,cosine,1
1549,40,15,10,5,shrinkage_eye,corr,1
1550,40,15,10,5,shrinkage_eye,corr_cov,1
1551,40,15,10,5,shrinkage_eye,cosine_cov,1
1552,40,15,10,10,eye,cosine,1
1553,40,15,10,10,eye,corr,1
1554,40,15,10,10,eye,corr_cov,1
1555,40,15,10,10,eye,cosine_cov,1
1556,40,15,10,10,diag,cosine,1
1557,40,15,10,10,diag,corr,1
1558,40,15,10,10,diag,corr_cov,1
1559,40,15,10,10,diag,cosine_cov,1
1560,40,15,10,10,shrinkage_diag,cosine,1
1561,40,15,10,10,shrinkage_diag,corr,1
1562,40,15,10,10,shrinkage_diag,corr_cov,1
1563,40,15,10,10,shrinkage_diag,cosine_cov,1
1564,40,15,10,10,shrinkage_eye,cosine,1
1565,40,15,10,10,shrinkage_eye,corr,1
1566,40,15,10,10,shrinkage_eye,corr_cov,1
1567,40,15,10,10,shrinkage_eye,cosine_cov,1
1568,40,15,10,20,eye,cosine,1
1569,40,15,10,20,eye,corr,1
1570,40,15,10,20,eye,corr_cov,1
1571,40,15,10,20,eye,cosine_cov,1
1572,40,15,10,20,diag,cosine,1
1573,40,15,10,20,diag,corr,1
1574,40,15,10,20,diag,corr_cov,1
1575,40,15,10,20,diag,cosine_cov,1
1576,40,15,10,20,shrinkage_diag,cosine,1
1577,40,15,10,20,shrinkage_diag,corr,1
1578,40,15,10,20,shrinkage_diag,corr_cov,1
1579,40,15,10,20,shrinkage_diag,cosine_cov,1
1580,40,15,10,20,shrinkage_eye,cosine,1
1581,40,15,10,20,shrinkage_eye,corr,1
1582,40,15,10,20,shrinkage_eye,corr_cov,1
1583,40,15,10,20,shrinkage_eye,cosine_cov,1
1584,40,15,10,40,eye,cosine,1
1585,40,15,10,40,eye,corr,1
1586,40,15,10,40,eye,corr_cov,1
1587,40,15,10,40,eye,cosine_cov,1
1588,40,15,10,40,diag,cosine,1
1589,40,15,10,40,diag,corr,1
1590,40,15,10,40,diag,corr_cov,1
1591,40,15,10,40,diag,cosine_cov,1
1592,40,15,10,40,shrinkage_diag,cosine,1
1593,40,15,10,40,shrinkage_diag,corr,1
1594,40,15,10,40,shrinkage_diag,corr_cov,1
1595,40,15,10,40,shrinkage_diag,cosine_cov,1
1596,40,15,10,40,shrinkage_eye,cosine,1
1597,40,15,10,40,shrinkage_eye,corr,1
1598,40,15,10,40,shrinkage_eye,corr_cov,1
1599,40,15,10,40,shrinkage_eye,cosine_cov,1
1600,40,15,20,5,eye,cosine,1
1601,40,15,20,5,eye,corr,1
1602,40,15,20,5,eye,corr_cov,1
1603,40,15,20,5,eye,cosine_cov,1
1604,40,15,20,5,diag,cosine,1
1605,40,15,20,5,diag,corr,1
1606,40,15,20,5,diag,corr_cov,1
1607,40,15,20,5,diag,cosine_cov,1
1608,40,15,20,5,shrinkage_diag,cosine,1
1609,40,15,20,5,shrinkage_diag,corr,1
1610,40,15,20,5,shrinkage_diag,corr_cov,1
1611,40,15,20,5,shrinkage_diag,cosine_cov,1
1612,40,15,20,5,shrinkage_eye,cosine,1
1613,40,15,20,5,shrinkage_eye,corr,1
1614,40,15,20,5,shrinkage_eye,corr_cov,1
1615,40,15,20,5,shrinkage_eye,cosine_cov,1
1616,40,15,20,10,eye,cosine,1
1617,40,15,20,10,eye,corr,1
1618,40,15,20,10,eye,corr_cov,1
1619,40,15,20,10,eye,cosine_cov,1
1620,40,15,20,10,diag,cosine,1
1621,40,15,20,10,diag,corr,1
1622,40,15,20,10,diag,corr_cov,1
1623,40,15,20,10,diag,cosine_cov,1
1624,40,15,20,10,shrinkage_diag,cosine,1
1625,40,15,20,10,shrinkage_diag,corr,1
1626,40,15,20,10,shrinkage_diag,corr_cov,1
1627,40,15,20,10,shrinkage_diag,cosine_cov,1
1628,40,15,20,10,shrinkage_eye,cosine,1
1629,40,15,20,10,shrinkage_eye,corr,1
1630,40,15,20,10,shrinkage_eye,corr_cov,1
1631,40,15,20,10,shrinkage_eye,cosine_cov,1
1632,40,15,20,20,eye,cosine,1
1633,40,15,20,20,eye,corr,1
1634,40,15,20,20,eye,corr_cov,1
1635,40,15,20,20,eye,cosine_cov,1
1636,40,15,20,20,diag,cosine,1
1637,40,15,20,20,diag,corr,1
1638,40,15,20,20,diag,corr_cov,1
1639,40,15,20,20,diag,cosine_cov,1
1640,40,15,20,20,shrinkage_diag,cosine,1
1641,40,15,20,20,shrinkage_diag,corr,1
1642,40,15,20,20,shrinkage_diag,corr_cov,1
1643,40,15,20,20,shrinkage_diag,cosine_cov,1
1644,40,15,20,20,shrinkage_eye,cosine,1
1645,40,15,20,20,shrinkage_eye,corr,1
1646,40,15,20,20,shrinkage_eye,corr_cov,1
1647,40,15,20,20,shrinkage_eye,cosine_cov,1
1648,40,15,20,40,eye,cosine,1
1649,40,15,20,40,eye,corr,1
1650,40,15,20,40,eye,corr_cov,1
1651,40,15,20,40,eye,cosine_cov,1
1652,40,15,20,40,diag,cosine,1
1653,40,15,20,40,diag,corr,1
1654,40,15,20,40,diag,corr_cov,1
1655,40,15,20,40,diag,cosine_cov,1
1656,40,15,20,40,shrinkage_diag,cosine,1
1657,40,15,20,40,shrinkage_diag,corr,1
1658,40,15,20,40,shrinkage_diag,corr_cov,1
1659,40,15,20,40,shrinkage_diag,cosine_cov,1
1660,40,15,20,40,shrinkage_eye,cosine,1
1661,40,15,20,40,shrinkage_eye,corr,1
1662,40,15,20,40,shrinkage_eye,corr_cov,1
1663,40,15,20,40,shrinkage_eye,cosine_cov,1
1664,40,15,40,5,eye,cosine,1
1665,40,15,40,5,eye,corr,1
1666,40,15,40,5,eye,corr_cov,1
1667,40,15,40,5,eye,cosine_cov,1
1668,40,15,40,5,diag,cosine,1
1669,40,15,40,5,diag,corr,1
1670,40,15,40,5,diag,corr_cov,1
1671,40,15,40,5,diag,cosine_cov,1
1672,40,15,40,5,shrinkage_diag,cosine,1
1673,40,15,40,5,shrinkage_diag,corr,1
1674,40,15,40,5,shrinkage_diag,corr_cov,1
1675,40,15,40,5,shrinkage_diag,cosine_cov,1
1676,40,15,40,5,shrinkage_eye,cosine,1
1677,40,15,40,5,shrinkage_eye,corr,1
1678,40,15,40,5,shrinkage_eye,corr_cov,1
1679,40,15,40,5,shrinkage_eye,cosine_cov,1
1680,40,15,40,10,eye,cosine,1
1681,40,15,40,10,eye,corr,1
1682,40,15,40,10,eye,corr_cov,1
1683,40,15,40,10,eye,cosine_cov,1
1684,40,15,40,10,diag,cosine,1
1685,40,15,40,10,diag,corr,1
1686,40,15,40,10,diag,corr_cov,1
1687,40,15,40,10,diag,cosine_cov,1
1688,40,15,40,10,shrinkage_diag,cosine,1
1689,40,15,40,10,shrinkage_diag,corr,1
1690,40,15,40,10,shrinkage_diag,corr_cov,1
1691,40,15,40,10,shrinkage_diag,cosine_cov,1
1692,40,15,40,10,shrinkage_eye,cosine,1
1693,40,15,40,10,shrinkage_eye,corr,1
1694,40,15,40,10,shrinkage_eye,corr_cov,1
1695,40,15,40,10,shrinkage_eye,cosine_cov,1
1696,40,15,40,20,eye,cosine,1
1697,40,15,40,20,eye,corr,1
1698,40,15,40,20,eye,corr_cov,1
1699,40,15,40,20,eye,cosine_cov,1
1700,40,15,40,20,diag,cosine,1
1701,40,15,40,20,diag,corr,1
1702,40,15,40,20,diag,corr_cov,1
1703,40,15,40,20,diag,cosine_cov,1
1704,40,15,40,20,shrinkage_diag,cosine,1
1705,40,15,40,20,shrinkage_diag,corr,1
1706,40,15,40,20,shrinkage_diag,corr_cov,1
1707,40,15,40,20,shrinkage_diag,cosine_cov,1
1708,40,15,40,20,shrinkage_eye,cosine,1
1709,40,15,40,20,shrinkage_eye,corr,1
1710,40,15,40,20,shrinkage_eye,corr_cov,1
1711,40,15,40,20,shrinkage_eye,cosine_cov,1
1712,40,15,40,40,eye,cosine,1
1713,40,15,40,40,eye,corr,1
1714,40,15,40,40,eye,corr_cov,1
1715,40,15,40,40,eye,cosine_cov,1
1716,40,15,40,40,diag,cosine,1
1717,40,15,40,40,diag,corr,1
1718,40,15,40,40,diag,corr_cov,1
1719,40,15,40,40,diag,cosine_cov,1
1720,40,15,40,40,shrinkage_diag,cosine,1
1721,40,15,40,40,shrinkage_diag,corr,1
1722,40,15,40,40,shrinkage_diag,corr_cov,1
1723,40,15,40,40,shrinkage_diag,cosine_cov,1
1724,40,15,40,40,shrinkage_eye,cosine,1
1725,40,15,40,40,shrinkage_eye,corr,1
1726,40,15,40,40,shrinkage_eye,corr_cov,1
1727,40,15,40,40,shrinkage_eye,cosine_cov,1
